삼성전자,"RPA,업무자동화"
현대자동차,"RPA,업무자동화"
포스코,"RPA,업무자동화"
LG전자,"RPA,업무자동화"
한국전력공사,"RPA,업무자동화"
기아자동차,"RPA,업무자동화"
한화,"RPA,업무자동화"
한국산업은행,"RPA,업무자동화"
현대모비스,"RPA,업무자동화"
GS칼텍스,"RPA,업무자동화"
에스케이트레이딩인터내셔널,"RPA,업무자동화"
SK에너지,"RPA,업무자동화"
삼성생명,"RPA,업무자동화"
삼성디스플레이,"RPA,업무자동화"
삼성물산,"RPA,업무자동화"
하나은행,"RPA,업무자동화"
LG화학,"RPA,업무자동화"
SK하니닉스,"RPA,업무자동화"
한국가스공사,"RPA,업무자동화"
한화생명,"RPA,업무자동화"
포스코인터내셔널,"RPA,업무자동화"
S-Oil,"RPA,업무자동화"
케이티,"RPA,업무자동화"
LG디스플레이,"RPA,업무자동화"
신한은행,"RPA,업무자동화"
삼성화재해상보험,"RPA,업무자동화"
CJ제일제당,"RPA,업무자동화"
우리은행,"RPA,업무자동화"
국민은행,"RPA,업무자동화"
현대오일뱅크,"RPA,업무자동화"
한국토지주택공사,"RPA,업무자동화"
현대제철,"RPA,업무자동화"
이마트,"RPA,업무자동화"
DB손해보험,"RPA,업무자동화"
두산,"RPA,업무자동화"
현대글로비스,"RPA,업무자동화"
기업은행,"RPA,업무자동화"
SK텔레콤,"RPA,업무자동화"
롯데쇼핑,"RPA,업무자동화"
현대건설,"RPA,업무자동화"
현대해상,"RPA,업무자동화"
두산중공업,"RPA,업무자동화"
교보생명보험,"RPA,업무자동화"
미래에셋대우,"RPA,업무자동화"
롯데케미칼,"RPA,업무자동화"
한국스탠다드차타드은행,"RPA,업무자동화"
농협은행,"RPA,업무자동화"
SK네트웍스,"RPA,업무자동화"
KB손해보험,"RPA,업무자동화"
대한항공,"RPA,업무자동화"
LG유플러스,"RPA,업무자동화"
메리츠증권,"RPA,업무자동화"
SK종합화학,"RPA,업무자동화"
한국씨티은행,"RPA,업무자동화"
NH투자증권,"RPA,업무자동화"
삼섬에스디에스,"RPA,업무자동화"
코리안리,"RPA,업무자동화"
LG상사,"RPA,업무자동화"
GS건설,"RPA,업무자동화"
CJ대한통운,"RPA,업무자동화"
한국투자증권,"RPA,업무자동화"
메리츠화재,"RPA,업무자동화"
삼성SDI,"RPA,업무자동화"
한화토탈,"RPA,업무자동화"
대림산업,"RPA,업무자동화"
농협생명보험,"RPA,업무자동화"
한화솔루션,"RPA,업무자동화"
SK건설,"RPA,업무자동화"
GS리테일,"RPA,업무자동화"
한국수력원자력,"RPA,업무자동화"
한국수출입은행,"RPA,업무자동화"
한국도로공사,"RPA,업무자동화"
대우건설,"RPA,업무자동화"
흥국생명보험,"RPA,업무자동화"
한국지엠,"RPA,업무자동화"
대우조선해양,"RPA,업무자동화"
LG이노텍,"RPA,업무자동화"
두산인프라코어,"RPA,업무자동화"
케이비증권,"RPA,업무자동화"
삼성전기,"RPA,업무자동화"
한화손해보험,"RPA,업무자동화"
엘에스니꼬동제련,"RPA,업무자동화"
LG생활건강,"RPA,업무자동화"
현대트랜시스,"RPA,업무자동화"
포스코건설,"RPA,업무자동화"
호텔롯데,"RPA,업무자동화"
한국마사회,"RPA,업무자동화"
삼성중공업,"RPA,업무자동화"
현대위아,"RPA,업무자동화"
한온시스템,"RPA,업무자동화"
쿠팡,"RPA,업무자동화"
아시아나항공,"RPA,업무자동화"
한국타이어앤케크놀리지,"RPA,업무자동화"
현대엔지니어링,"RPA,업무자동화"
SK인천석유화학,"RPA,업무자동화"
고려아연,"RPA,업무자동화"
삼성증권,"RPA,업무자동화"
NAVER,"RPA,업무자동화"
홈플러스,"RPA,업무자동화"
한국철도공사,"RPA,업무자동화"
신세계,"RPA,업무자동화"
삼성엔지니어링,"RPA,업무자동화"
동양생명,"RPA,업무자동화"
신한금융투자,"RPA,업무자동화"
효성티앤씨,"RPA,업무자동화"
만도,"RPA,업무자동화"
이랜드월드,"RPA,업무자동화"
BGF리테일,"RPA,업무자동화"
호텔신라,"RPA,업무자동화"
농협경제지주,"RPA,업무자동화"
동국제강,"RPA,업무자동화"
아모레퍼시픽,"RPA,업무자동화"
HMM,"RPA,업무자동화"
현대중공업,"RPA,업무자동화"
하나금융투자,"RPA,업무자동화"
한국남부발전,"RPA,업무자동화"
메르세데스벤츠코리아,"RPA,업무자동화"
한국남동발전,"RPA,업무자동화"
신한생명보험,"RPA,업무자동화"
노무라금융투자,"RPA,업무자동화"
롯데건설,"RPA,업무자동화"
한화에어로스페이스,"RPA,업무자동화"
여천NCC,"RPA,업무자동화"
금호석유화학,"RPA,업무자동화"
케이티앤지,"RPA,업무자동화"
SK가스,"RPA,업무자동화"
NH농협손해보험,"RPA,업무자동화"
한국동서발전,"RPA,업무자동화"
르노삼성자동차,"RPA,업무자동화"
오렌지라이프생명보험,"RPA,업무자동화"
E1,"RPA,업무자동화"
LS전선,"RPA,업무자동화"
한국중부발전,"RPA,업무자동화"
두산밥캣,"RPA,업무자동화"
한국서부발전,"RPA,업무자동화"
코오롱엔더,"RPA,업무자동화"
파리크라상,"RPA,업무자동화"
흥국화재,"RPA,업무자동화"
현대종합상사,"RPA,업무자동화"
HDC현대산업개발,"RPA,업무자동화"
판토스,"RPA,업무자동화"
코스트코코리아,"RPA,업무자동화"
서브원,"RPA,업무자동화"
코리아세븐,"RPA,업무자동화"
한화건설,"RPA,업무자동화"
롯데하이마트,"RPA,업무자동화"
태영건설,"RPA,업무자동화"
신한카드,"RPA,업무자동화"
GS글로벌,"RPA,업무자동화"
CJ ENM,"RPA,업무자동화"
한국농어촌공사,"RPA,업무자동화"
한국주택금융공사,"RPA,업무자동화"
효성중공업,"RPA,업무자동화"
롯데손해보험,"RPA,업무자동화"
현대케미칼,"RPA,업무자동화"
쌍용자동차,"RPA,업무자동화"
다우데이타,"RPA,업무자동화"
케이디비생명보험,"RPA,업무자동화"
비씨카드,"RPA,업무자동화"
현대삼호중공업,"RPA,업무자동화"
미래에셋생명,"RPA,업무자동화"
코오롱글로벌,"RPA,업무자동화"
삼천리,"RPA,업무자동화"
휠라홀딩스,"RPA,업무자동화"
제일기획,"RPA,업무자동화"
성우하이텍,"RPA,업무자동화"
SK루브리컨츠,"RPA,업무자동화"
한국조선해양,"RPA,업무자동화"
에이아이에이생명보험,"RPA,업무자동화"
신세계디에프,"RPA,업무자동화"
삼성카드,"RPA,업무자동화"
헬지씨엔에스,"RPA,업무자동화"
SK,"RPA,업무자동화"
다우기술,"RPA,업무자동화"
LG하우시스,"RPA,업무자동화"
에스케이브로드밴드,"RPA,업무자동화"
현대그린푸드,"RPA,업무자동화"
농협하나로유통,"RPA,업무자동화"
한국항공우주,"RPA,업무자동화"
케이비국민카드,"RPA,업무자동화"
영풍,"RPA,업무자동화"
대림코퍼레이션,"RPA,업무자동화"
현대캐피탈,"RPA,업무자동화"
카카오,"RPA,업무자동화"
키움증권,"RPA,업무자동화"
CJ프레시웨어,"RPA,업무자동화"
효성첨단소재,"RPA,업무자동화"
동원F&B,"RPA,업무자동화"
코웨이,"RPA,업무자동화"
SK이노베이션,"RPA,업무자동화"
현대미포조선,"RPA,업무자동화"
한국수자원공사,"RPA,업무자동화"
대상,"RPA,업무자동화"
세아베스틸,"RPA,업무자동화"
지오영,"RPA,업무자동화"
롯데첨단소재,"RPA,업무자동화"
한국석유공사,"RPA,업무자동화"
아이마켓코리아,"RPA,업무자동화"
태광산업,"RPA,업무자동화"
현대코스모,"RPA,업무자동화"
비헴더블유코리아,"RPA,업무자동화"
현대건설기계,"RPA,업무자동화"
하이프라자,"RPA,업무자동화"
인천국제공항공사,"RPA,업무자동화"
라이나생명보험,"RPA,업무자동화"
삼성전자판매,"RPA,업무자동화"
부산은행,"RPA,업무자동화"
케이씨씨,"RPA,업무자동화"
롯데글로벌로지스,"RPA,업무자동화"
대신증권,"RPA,업무자동화"
동원산업,"RPA,업무자동화"
한성자동차,"RPA,업무자동화"
대구은행,"RPA,업무자동화"
서울보증보험,"RPA,업무자동화"
태광실업,"RPA,업무자동화"
화성전자,"RPA,업무자동화"
OCI,"RPA,업무자동화"
에이비엘생명보험,"RPA,업무자동화"
SKC,"RPA,업무자동화"
SPC삼립,"RPA,업무자동화"
호반건설,"RPA,업무자동화"
펜오션,"RPA,업무자동화"
현대로템,"RPA,업무자동화"
풍산,"RPA,업무자동화"
도레이첨단소재,"RPA,업무자동화"
롯데칠성음료,"RPA,업무자동화"
KG동부제철,"RPA,업무자동화"
동우화연캠,"RPA,업무자동화"
푸른현대생명보험,"RPA,업무자동화"
에스앤아이코퍼레이션,"RPA,업무자동화"
영원무역,"RPA,업무자동화"
현대카드,"RPA,업무자동화"
금호타이어,"RPA,업무자동화"
지역난방공사,"RPA,업무자동화"
오뚜기,"RPA,업무자동화"
엘에스일렉트릭,"RPA,업무자동화"
농심,"RPA,업무자동화"
DB생명보험,"RPA,업무자동화"
계룡건설산업,"RPA,업무자동화"
에트라이프생명보험,"RPA,업무자동화"
에스엘,"RPA,업무자동화"
프르덴셜생명보험,"RPA,업무자동화"
엘에스아이앤디,"RPA,업무자동화"
아성다이소,"RPA,업무자동화"
현대홈쇼핑,"RPA,업무자동화"
현대백화점,"RPA,업무자동화"
넷마블,"RPA,업무자동화"
노벨리스코리아,"RPA,업무자동화"
에스원,"RPA,업무자동화"
유안타증권,"RPA,업무자동화"
현대케피코,"RPA,업무자동화"
예금보험공사,"RPA,업무자동화"
이랜드리테일,"RPA,업무자동화"
삼양사,"RPA,업무자동화"
롯데제과,"RPA,업무자동화"
대한유화,"RPA,업무자동화"
롯데렌탈,"RPA,업무자동화"
KG케이칼,"RPA,업무자동화"
한진,"RPA,업무자동화"
하이트진로,"RPA,업무자동화"
오리온,"RPA,업무자동화"
넥센타이어,"RPA,업무자동화"
서울교통공사,"RPA,업무자동화"
볼보그룹코리아,"RPA,업무자동화"
삼성윌스토리,"RPA,업무자동화"
서연이화,"RPA,업무자동화"
화성촉매,"RPA,업무자동화"
CJ CGV,"RPA,업무자동화"
한세실업,"RPA,업무자동화"
한솔제지,"RPA,업무자동화"
고려해운,"RPA,업무자동화"
중흥토건,"RPA,업무자동화"
아워홈,"RPA,업무자동화"
현대엘리베이터,"RPA,업무자동화"
스타벅스코리아,"RPA,업무자동화"
LF,"RPA,업무자동화"
풀무원식품,"RPA,업무자동화"
효성화학,"RPA,업무자동화"
세야상역,"RPA,업무자동화"
롯데푸드,"RPA,업무자동화"
두산건설,"RPA,업무자동화"
현대일렉트릭,"RPA,업무자동화"
롯데카드,"RPA,업무자동화"
유코카캐리어스,"RPA,업무자동화"
유라코퍼레이션,"RPA,업무자동화"
앤씨소프트,"RPA,업무자동화"
여테크건설,"RPA,업무자동화"
한샘,"RPA,업무자동화"
엠코테크놀로지코리아,"RPA,업무자동화"
피에스앤마케팅,"RPA,업무자동화"
하이호금속,"RPA,업무자동화"
한국무라타전자,"RPA,업무자동화"
SK해운,"RPA,업무자동화"
수협은행,"RPA,업무자동화"
신영증권,"RPA,업무자동화"
KCC건설,"RPA,업무자동화"
고려제강,"RPA,업무자동화"
경기도시공사,"RPA,업무자동화"
코닝정밀소재,"RPA,업무자동화"
한국바스프,"RPA,업무자동화"
한화종합화학,"RPA,업무자동화"
한진중공업,"RPA,업무자동화"
한신공영,"RPA,업무자동화"
디에스네트웍스,"RPA,업무자동화"
이지바이오,"RPA,업무자동화"
금호산업,"RPA,업무자동화"
포스코에너지,"RPA,업무자동화"
대방건설,"RPA,업무자동화"
경남은행,"RPA,업무자동화"
엠지손해보험,"RPA,업무자동화"
아이비케이연금보험,"RPA,업무자동화"
에스에프에이,"RPA,업무자동화"
지에스앤알,"RPA,업무자동화"
현대오토에비,"RPA,업무자동화"
한화투자증권,"RPA,업무자동화"
경신,"RPA,업무자동화"
한국쓰리엠,"RPA,업무자동화"
대한전선,"RPA,업무자동화"
화승알앤에이,"RPA,업무자동화"
뉴옵틱스,"RPA,업무자동화"
창신INC,"RPA,업무자동화"
서원유통,"RPA,업무자동화"
동서식품,"RPA,업무자동화"
한화시스템,"RPA,업무자동화"
SK실트론,"RPA,업무자동화"
OB맥주,"RPA,업무자동화"
한국콜마,"RPA,업무자동화"
쌍용양회공업,"RPA,업무자동화"
한솔섬유,"RPA,업무자동화"
장금상선,"RPA,업무자동화"
강원랜드,"RPA,업무자동화"
여수화학,"RPA,업무자동화"
케이비생명보험,"RPA,업무자동화"
삼성전자서비스,"RPA,업무자동화"
엔에이치앤,"RPA,업무자동화"
신한금융지주,"RPA,업무자동화"
포스코케미칼,"RPA,업무자동화"
유한양향,"RPA,업무자동화"
STX,"RPA,업무자동화"
한국임삼공사,"RPA,업무자동화"
한화디펜스,"RPA,업무자동화"
두산공작기계,"RPA,업무자동화"
유진기업,"RPA,업무자동화"
쌍용건설,"RPA,업무자동화"
LIG넥스원,"RPA,업무자동화"
교보증권,"RPA,업무자동화"
서진오토모티브,"RPA,업무자동화"
백제약품,"RPA,업무자동화"
SK케미칼,"RPA,업무자동화"
화승인더스트리,"RPA,업무자동화"
신세계인터내셔날,"RPA,업무자동화"
에스피써지에프에스,"RPA,업무자동화"
경동도시가스,"RPA,업무자동화"
매일유업,"RPA,업무자동화"
제주항공,"RPA,업무자동화"
금호피앤비화학,"RPA,업무자동화"
에프알엘코리아,"RPA,업무자동화"
녹십자,"RPA,업무자동화"
우리카드,"RPA,업무자동화"
한국증권금융,"RPA,업무자동화"
서둘도시가스,"RPA,업무자동화"
덕양산업,"RPA,업무자동화"
서울주택도시공사,"RPA,업무자동화"
이마트24,"RPA,업무자동화"
하나금융지주,"RPA,업무자동화"
유한킴벌리,"RPA,업무자동화"
코스맥스,"RPA,업무자동화"
사조대림,"RPA,업무자동화"
대보유통,"RPA,업무자동화"
신세계푸드,"RPA,업무자동화"
롯데정밀화학,"RPA,업무자동화"
한라,"RPA,업무자동화"
하나카드,"RPA,업무자동화"
농협사료,"RPA,업무자동화"
대유에어텍,"RPA,업무자동화"
파주에너지서비스,"RPA,업무자동화"
삼호,"RPA,업무자동화"
엥에스오토텍,"RPA,업무자동화"
이노신,"RPA,업무자동화"
위아아대우,"RPA,업무자동화"
엠씨넥스,"RPA,업무자동화"
동원홈푸드,"RPA,업무자동화"
코카콜라음료,"RPA,업무자동화"
한성,"RPA,업무자동화"
한국야쿠르트,"RPA,업무자동화"
파트론,"RPA,업무자동화"
넥슨코리아,"RPA,업무자동화"
한진KPS,"RPA,업무자동화"
부산도시공사,"RPA,업무자동화"
서희건설,"RPA,업무자동화"
카팩말레오,"RPA,업무자동화"
공동제약,"RPA,업무자동화"
현대리바트,"RPA,업무자동화"
다스,"RPA,업무자동화"
GS홈쇼핑,"RPA,업무자동화"
이마트에브리데이,"RPA,업무자동화"
세아제강,"RPA,업무자동화"
세중공업,"RPA,업무자동화"
에이치엘그린파워,"RPA,업무자동화"
에코플라스틱,"RPA,업무자동화"
에스에이엠티,"RPA,업무자동화"
도이치모터스,"RPA,업무자동화"
대한제당,"RPA,업무자동화"
AJ네트웍스,"RPA,업무자동화"
화승엔터프라이즈,"RPA,업무자동화"
아우이폭스바겐코리아,"RPA,업무자동화"
소니코리아,"RPA,업무자동화"
한국토요타자동차,"RPA,업무자동화"
문화방송,"RPA,업무자동화"
농협유통,"RPA,업무자동화"
남해화학,"RPA,업무자동화"
에이치씨에이에스,"RPA,업무자동화"
한국금거래소쓰리엠,"RPA,업무자동화"
세아창원특수강,"RPA,업무자동화"
홈맥스,"RPA,업무자동화"
팜스코,"RPA,업무자동화"
화신,"RPA,업무자동화"
한국미니스톰,"RPA,업무자동화"
동부건설,"RPA,업무자동화"
케이피아이씨코포레이션,"RPA,업무자동화"
네오플,"RPA,업무자동화"
세방전지,"RPA,업무자동화"
세메스,"RPA,업무자동화"
서울반도체,"RPA,업무자동화"
셀트리온,"RPA,업무자동화"
씨앤에스에너지,"RPA,업무자동화"
도쿄일렉트론코리아,"RPA,업무자동화"
더클래스효성,"RPA,업무자동화"
무림페이퍼,"RPA,업무자동화"
국도화학,"RPA,업무자동화"
한미약품,"RPA,업무자동화"
대웅제약,"RPA,업무자동화"
LG헬로비젼,"RPA,업무자동화"
파워로직스,"RPA,업무자동화"
행복나래,"RPA,업무자동화"
엠디엠플러스,"RPA,업무자동화"
셀트리온헬스케어,"RPA,업무자동화"
DGB생명보험,"RPA,업무자동화"
동서석유화학,"RPA,업무자동화"
현대엘앤씨,"RPA,업무자동화"
평화정공,"RPA,업무자동화"
이페스트투자증권,"RPA,업무자동화"
미쓰이케미칼,"RPA,업무자동화"
신영증권,"RPA,업무자동화"
엘티삼보,"RPA,업무자동화"
종근당,"RPA,업무자동화"
코웬에너지서비스,"RPA,업무자동화"
대덕,"RPA,업무자동화"
아이비케이투자증권,"RPA,업무자동화"
주택도시보증공사,"RPA,업무자동화"
삼성전자로지텍,"RPA,업무자동화"
서린상사,"RPA,업무자동화"
팝지,"RPA,업무자동화"
동원시스템즈,"RPA,업무자동화"
하이투자증권,"RPA,업무자동화"
KH에너지,"RPA,업무자동화"
삼성금거래소,"RPA,업무자동화"
남양유업,"RPA,업무자동화"
휴비스,"RPA,업무자동화"
대한제강,"RPA,업무자동화"
솔브레인홀딩스,"RPA,업무자동화"
제규어랜드로바코리아,"RPA,업무자동화"
폴릭파마코리아,"RPA,업무자동화"
시온느엑세서리컬렉션,"RPA,업무자동화"
애경유화,"RPA,업무자동화"
신세계건설,"RPA,업무자동화"
선진,"RPA,업무자동화"
대한해운,"RPA,업무자동화"
롯데캐피탈,"RPA,업무자동화"
심텍,"RPA,업무자동화"
유니시티,"RPA,업무자동화"
DB금융투자,"RPA,업무자동화"
우리홈쇼핑,"RPA,업무자동화"
삼구아이앤씨,"RPA,업무자동화"
파라다이스,"RPA,업무자동화"
유진증권,"RPA,업무자동화"
S&T모티브,"RPA,업무자동화"
부산,"RPA,업무자동화"
한솔케크닉스,"RPA,업무자동화"
태평양물산,"RPA,업무자동화"
제일건설,"RPA,업무자동화"
한국공항공사,"RPA,업무자동화"
팜스토리,"RPA,업무자동화"
포스코ICT,"RPA,업무자동화"
유라코퍼레이션,"RPA,업무자동화"
에이에스동서,"RPA,업무자동화"
서진팸,"RPA,업무자동화"
대원강업,"RPA,업무자동화"
KG이니시스,"RPA,업무자동화"
신성통상,"RPA,업무자동화"
한국프렌지공업,"RPA,업무자동화"
우미건설,"RPA,업무자동화"
KB금융,"RPA,업무자동화"
부영주택,"RPA,업무자동화"
플리미래,"RPA,업무자동화"
한일시멘트,"RPA,업무자동화"
파크래느,"RPA,업무자동화"
KTCS,"RPA,업무자동화"
효성티앤에스,"RPA,업무자동화"
광주은행,"RPA,업무자동화"
(사)남북교류협력지원협회,"RPA,업무자동화"
(재)APEC기후센터,"RPA,업무자동화"
(재)국제원산지정보원,"RPA,업무자동화"
(재)예술경영지원센터,"RPA,업무자동화"
(재)우체국금융개발원,"RPA,업무자동화"
(재)우체국물류지원단,"RPA,업무자동화"
(재)우체국시설관리단,"RPA,업무자동화"
(재)일제강제동원피해자지원재단,"RPA,업무자동화"
(재)중소기업연구원,"RPA,업무자동화"
(재)축산환경관리원,"RPA,업무자동화"
(재)한국스마트그리드사업단,"RPA,업무자동화"
(재)한국우편사업진흥원,"RPA,업무자동화"
(재)한식진흥원,"RPA,업무자동화"
강원랜드,"RPA,업무자동화"
공영홈쇼핑,"RPA,업무자동화"
워터웨이플러스,"RPA,업무자동화"
한국가스기술공사,"RPA,업무자동화"
한국건설관리공사,"RPA,업무자동화"
88관광개발,"RPA,업무자동화"
KDI국제정책대학원,"RPA,업무자동화"
가축위생방역지원본부,"RPA,업무자동화"
강릉원주대학교치과병원,"RPA,업무자동화"
강원대학교병원,"RPA,업무자동화"
건강보험심사평가원,"RPA,업무자동화"
건설근로자공제회,"RPA,업무자동화"
건축도시공간연구소,"RPA,업무자동화"
게임물관리위원회,"RPA,업무자동화"
경북대학교병원,"RPA,업무자동화"
경북대학교치과병원,"RPA,업무자동화"
경상대학교병원,"RPA,업무자동화"
경제인문사회연구회,"RPA,업무자동화"
고등과학원,"RPA,업무자동화"
공무원연금공단,"RPA,업무자동화"
과학기술일자리진흥원,"RPA,업무자동화"
과학기술정책연구원,"RPA,업무자동화"
광주과학기술원,"RPA,업무자동화"
국가과학기술연구회,"RPA,업무자동화"
국가과학기술인력개발원,"RPA,업무자동화"
국가생명윤리정책원,"RPA,업무자동화"
국가수리과학연구소,"RPA,업무자동화"
국가철도공단,"RPA,업무자동화"
국가평생교육진흥원,"RPA,업무자동화"
국가핵융합연구소,"RPA,업무자동화"
국립공원공단,"RPA,업무자동화"
국립광주과학관,"RPA,업무자동화"
국립낙동강생물자원관,"RPA,업무자동화"
국립대구과학관,"RPA,업무자동화"
국립박물관문화재단,"RPA,업무자동화"
국립부산과학관,"RPA,업무자동화"
국립생태원,"RPA,업무자동화"
국립암센터,"RPA,업무자동화"
국립중앙의료원,"RPA,업무자동화"
국립해양박물관,"RPA,업무자동화"
국립해양생물자원관,"RPA,업무자동화"
국민건강보험공단,"RPA,업무자동화"
국민건강보험공단 일산병원,"RPA,업무자동화"
국민연금공단,"RPA,업무자동화"
국방과학연구소,"RPA,업무자동화"
국방기술품질원,"RPA,업무자동화"
국방전직교육원,"RPA,업무자동화"
국제방송교류재단,"RPA,업무자동화"
국제식물검역인증원,"RPA,업무자동화"
국토교통과학기술진흥원,"RPA,업무자동화"
국토연구원,"RPA,업무자동화"
그랜드코리아레저,"RPA,업무자동화"
극지연구소,"RPA,업무자동화"
근로복지공단,"RPA,업무자동화"
기술보증기금,"RPA,업무자동화"
기초과학연구원,"RPA,업무자동화"
나노종합기술원,"RPA,업무자동화"
노사발전재단,"RPA,업무자동화"
녹색기술센터,"RPA,업무자동화"
농림수산식품교육문화정보원,"RPA,업무자동화"
농림식품기술기획평가원,"RPA,업무자동화"
농업기술실용화재단,"RPA,업무자동화"
농업정책보험금융원,"RPA,업무자동화"
대구경북과학기술원,"RPA,업무자동화"
대구경북첨단의료산업진흥재단,"RPA,업무자동화"
대외경제정책연구원,"RPA,업무자동화"
대한무역투자진흥공사,"RPA,업무자동화"
대한법률구조공단,"RPA,업무자동화"
대한석탄공사,"RPA,업무자동화"
대한장애인체육회,"RPA,업무자동화"
대한적십자사,"RPA,업무자동화"
대한체육회,"RPA,업무자동화"
도로교통공단,"RPA,업무자동화"
독립기념관,"RPA,업무자동화"
동남권원자력의학원,"RPA,업무자동화"
동북아역사재단,"RPA,업무자동화"
민주화운동기념사업회,"RPA,업무자동화"
부산대학교병원,"RPA,업무자동화"
부산대학교치과병원,"RPA,업무자동화"
부산항만공사,"RPA,업무자동화"
북한이탈주민지원재단,"RPA,업무자동화"
분당서울대학교병원,"RPA,업무자동화"
사립학교교직원연금공단,"RPA,업무자동화"
산업연구원,"RPA,업무자동화"
새만금개발공사,"RPA,업무자동화"
서민금융진흥원,"RPA,업무자동화"
서울대학교병원,"RPA,업무자동화"
서울대학교치과병원,"RPA,업무자동화"
서울올림픽기념국민체육진흥공단,"RPA,업무자동화"
서울요양원,"RPA,업무자동화"
선박해양플랜트연구소,"RPA,업무자동화"
세계김치연구소,"RPA,업무자동화"
세종학당재단,"RPA,업무자동화"
소상공인시장진흥공단,"RPA,업무자동화"
소프트웨어정책연구소,"RPA,업무자동화"
수도권매립지관리공사,"RPA,업무자동화"
시청자미디어재단,"RPA,업무자동화"
식품안전정보원,"RPA,업무자동화"
신용보증기금,"RPA,업무자동화"
신용보증재단중앙회,"RPA,업무자동화"
아동권리보장원,"RPA,업무자동화"
아시아문화원,"RPA,업무자동화"
안전성평가연구소,"RPA,업무자동화"
에너지경제연구원,"RPA,업무자동화"
여수광양항만공사,"RPA,업무자동화"
연구개발특구진흥재단,"RPA,업무자동화"
영상물등급위원회,"RPA,업무자동화"
영화진흥위원회,"RPA,업무자동화"
예금보험공사,"RPA,업무자동화"
예술의전당,"RPA,업무자동화"
오송첨단의료산업진흥재단,"RPA,업무자동화"
울산과학기술원,"RPA,업무자동화"
울산항만공사,"RPA,업무자동화"
육아정책연구소,"RPA,업무자동화"
의료기관평가인증원,"RPA,업무자동화"
인천국제공항공사,"RPA,업무자동화"
인천항만공사,"RPA,업무자동화"
재단법인 국악방송,"RPA,업무자동화"
재단법인 대한건설기계안전관리원,"RPA,업무자동화"
재단법인 장애인기업종합지원센터,"RPA,업무자동화"
재단법인 한국공공조직은행,"RPA,업무자동화"
재단법인 한국에너지재단,"RPA,업무자동화"
재단법인 한국여성과학기술인지원센터,"RPA,업무자동화"
재단법인 한국자활복지개발원,"RPA,업무자동화"
재단법인 한국장기조직기증원,"RPA,업무자동화"
재료연구소,"RPA,업무자동화"
재외동포재단,"RPA,업무자동화"
전남대학교병원,"RPA,업무자동화"
전략물자관리원,"RPA,업무자동화"
전북대학교병원,"RPA,업무자동화"
전쟁기념사업회,"RPA,업무자동화"
정보통신기획평가원,"RPA,업무자동화"
정보통신산업진흥원,"RPA,업무자동화"
정보통신정책연구원,"RPA,업무자동화"
정부법무공단,"RPA,업무자동화"
제주국제자유도시개발센터,"RPA,업무자동화"
제주대학교병원,"RPA,업무자동화"
주식회사 에스알,"RPA,업무자동화"
주택관리공단,"RPA,업무자동화"
주택도시보증공사,"RPA,업무자동화"
중소기업기술정보진흥원,"RPA,업무자동화"
중소기업유통센터,"RPA,업무자동화"
중소기업은행,"RPA,업무자동화"
중소벤처기업진흥공단,"RPA,업무자동화"
창업진흥원,"RPA,업무자동화"
축산물품질평가원,"RPA,업무자동화"
충남대학교병원,"RPA,업무자동화"
충북대학교병원,"RPA,업무자동화"
코레일관광개발,"RPA,업무자동화"
코레일네트웍스,"RPA,업무자동화"
코레일로지스,"RPA,업무자동화"
코레일유통,"RPA,업무자동화"
코레일테크,"RPA,업무자동화"
태권도진흥재단,"RPA,업무자동화"
통일연구원,"RPA,업무자동화"
특허정보진흥센터,"RPA,업무자동화"
학교법인한국폴리텍,"RPA,업무자동화"
한국가스공사,"RPA,업무자동화"
한국가스안전공사,"RPA,업무자동화"
한국감정원,"RPA,업무자동화"
한국개발연구원,"RPA,업무자동화"
한국건강가정진흥원,"RPA,업무자동화"
한국건강증진개발원,"RPA,업무자동화"
한국건설기술연구원,"RPA,업무자동화"
한국고용정보원,"RPA,업무자동화"
한국고전번역원,"RPA,업무자동화"
한국공예디자인문화진흥원,"RPA,업무자동화"
한국공정거래조정원,"RPA,업무자동화"
한국공항공사,"RPA,업무자동화"
한국과학기술기획평가원,"RPA,업무자동화"
한국과학기술연구원,"RPA,업무자동화"
한국과학기술원,"RPA,업무자동화"
한국과학기술정보연구원,"RPA,업무자동화"
한국과학영재학교,"RPA,업무자동화"
한국과학창의재단,"RPA,업무자동화"
한국관광공사,"RPA,업무자동화"
한국광물자원공사,"RPA,업무자동화"
한국광해관리공단,"RPA,업무자동화"
한국교육개발원,"RPA,업무자동화"
한국교육과정평가원,"RPA,업무자동화"
한국교육학술정보원,"RPA,업무자동화"
한국교통안전공단,"RPA,업무자동화"
한국교통연구원,"RPA,업무자동화"
한국국방연구원,"RPA,업무자동화"
한국국제교류재단,"RPA,업무자동화"
한국국제보건의료재단,"RPA,업무자동화"
한국국제협력단,"RPA,업무자동화"
한국국토정보공사,"RPA,업무자동화"
한국기계연구원,"RPA,업무자동화"
한국기상산업기술원,"RPA,업무자동화"
한국기술교육대학교,"RPA,업무자동화"
한국기초과학지원연구원,"RPA,업무자동화"
한국나노기술원,"RPA,업무자동화"
한국남동발전,"RPA,업무자동화"
한국남부발전,"RPA,업무자동화"
한국노동연구원,"RPA,업무자동화"
한국노인인력개발원,"RPA,업무자동화"
한국농수산식품유통공사,"RPA,업무자동화"
한국농어촌공사,"RPA,업무자동화"
한국농촌경제연구원,"RPA,업무자동화"
한국뇌연구원,"RPA,업무자동화"
한국데이터산업진흥원,"RPA,업무자동화"
한국도로공사,"RPA,업무자동화"
한국도박문제관리센터,"RPA,업무자동화"
한국동서발전,"RPA,업무자동화"
한국등산·트레킹지원센터,"RPA,업무자동화"
한국디자인진흥원,"RPA,업무자동화"
한국로봇산업진흥원,"RPA,업무자동화"
한국마사회,"RPA,업무자동화"
한국무역보험공사,"RPA,업무자동화"
한국문학번역원,"RPA,업무자동화"
한국문화관광연구원,"RPA,업무자동화"
한국문화예술교육진흥원,"RPA,업무자동화"
한국문화예술위원회,"RPA,업무자동화"
한국문화재재단,"RPA,업무자동화"
한국문화정보원,"RPA,업무자동화"
한국문화진흥주식회사,"RPA,업무자동화"
한국발명진흥회,"RPA,업무자동화"
한국방송광고진흥공사,"RPA,업무자동화"
한국방송통신전파진흥원,"RPA,업무자동화"
한국법무보호복지공단,"RPA,업무자동화"
한국법제연구원,"RPA,업무자동화"
한국벤처투자,"RPA,업무자동화"
한국보건복지인력개발원,"RPA,업무자동화"
한국보건사회연구원,"RPA,업무자동화"
한국보건산업진흥원,"RPA,업무자동화"
한국보건의료연구원,"RPA,업무자동화"
한국보건의료인국가시험원,"RPA,업무자동화"
한국보육진흥원,"RPA,업무자동화"
한국보훈복지의료공단,"RPA,업무자동화"
한국사학진흥재단,"RPA,업무자동화"
한국사회보장정보원,"RPA,업무자동화"
한국사회복지협의회,"RPA,업무자동화"
한국사회적기업진흥원,"RPA,업무자동화"
한국산림복지진흥원,"RPA,업무자동화"
한국산업기술시험원,"RPA,업무자동화"
한국산업기술진흥원,"RPA,업무자동화"
한국산업기술평가관리원,"RPA,업무자동화"
한국산업단지공단,"RPA,업무자동화"
한국산업안전보건공단,"RPA,업무자동화"
한국산업은행,"RPA,업무자동화"
한국산업인력공단,"RPA,업무자동화"
한국상하수도협회,"RPA,업무자동화"
한국생명공학연구원,"RPA,업무자동화"
한국생산기술연구원,"RPA,업무자동화"
한국서부발전,"RPA,업무자동화"
한국석유공사,"RPA,업무자동화"
한국석유관리원,"RPA,업무자동화"
한국세라믹기술원,"RPA,업무자동화"
한국소방산업기술원,"RPA,업무자동화"
한국소비자원,"RPA,업무자동화"
한국수력원자력,"RPA,업무자동화"
한국수목원관리원,"RPA,업무자동화"
한국수산자원공단,"RPA,업무자동화"
한국수자원공사,"RPA,업무자동화"
한국수자원조사기술원,"RPA,업무자동화"
한국수출입은행,"RPA,업무자동화"
한국승강기안전공단,"RPA,업무자동화"
한국시설안전공단,"RPA,업무자동화"
한국식품산업클러스터진흥원,"RPA,업무자동화"
한국식품안전관리인증원,"RPA,업무자동화"
한국식품연구원,"RPA,업무자동화"
한국양성평등교육진흥원,"RPA,업무자동화"
한국어촌어항공단,"RPA,업무자동화"
한국언론진흥재단,"RPA,업무자동화"
한국에너지공단,"RPA,업무자동화"
한국에너지기술연구원,"RPA,업무자동화"
한국에너지기술평가원,"RPA,업무자동화"
한국에너지정보문화재단,"RPA,업무자동화"
한국여성인권진흥원,"RPA,업무자동화"
한국여성정책연구원,"RPA,업무자동화"
한국연구재단,"RPA,업무자동화"
한국영상자료원,"RPA,업무자동화"
한국예술인복지재단,"RPA,업무자동화"
한국예탁결제원,"RPA,업무자동화"
한국원자력안전기술원,"RPA,업무자동화"
한국원자력안전재단,"RPA,업무자동화"
한국원자력연구원,"RPA,업무자동화"
한국원자력의학원,"RPA,업무자동화"
한국원자력통제기술원,"RPA,업무자동화"
한국원자력환경공단,"RPA,업무자동화"
한국의료기기안전정보원,"RPA,업무자동화"
한국의료분쟁조정중재원,"RPA,업무자동화"
한국의약품안전관리원,"RPA,업무자동화"
한국인터넷진흥원,"RPA,업무자동화"
한국임업진흥원,"RPA,업무자동화"
한국자산관리공사,"RPA,업무자동화"
한국잡월드,"RPA,업무자동화"
한국장애인개발원,"RPA,업무자동화"
한국장애인고용공단,"RPA,업무자동화"
한국장학재단,"RPA,업무자동화"
한국재정정보원,"RPA,업무자동화"
한국저작권보호원,"RPA,업무자동화"
한국저작권위원회,"RPA,업무자동화"
한국전기안전공사,"RPA,업무자동화"
한국전기연구원,"RPA,업무자동화"
한국전력거래소,"RPA,업무자동화"
한국전력공사,"RPA,업무자동화"
한국전력국제원자력대학원대학교,"RPA,업무자동화"
한국전력기술주식회사,"RPA,업무자동화"
한국전자통신연구원,"RPA,업무자동화"
한국정보화진흥원,"RPA,업무자동화"
한국조세재정연구원,"RPA,업무자동화"
한국조폐공사,"RPA,업무자동화"
한국주택금융공사,"RPA,업무자동화"
한국중부발전,"RPA,업무자동화"
한국지식재산보호원,"RPA,업무자동화"
한국지식재산연구원,"RPA,업무자동화"
한국지역난방공사,"RPA,업무자동화"
한국지질자원연구원,"RPA,업무자동화"
한국직업능력개발원,"RPA,업무자동화"
한국천문연구원,"RPA,업무자동화"
한국철도공사,"RPA,업무자동화"
한국철도기술연구원,"RPA,업무자동화"
한국청소년상담복지개발원,"RPA,업무자동화"
한국청소년정책연구원,"RPA,업무자동화"
한국청소년활동진흥원,"RPA,업무자동화"
한국체육산업개발,"RPA,업무자동화"
한국출판문화산업진흥원,"RPA,업무자동화"
한국콘텐츠진흥원,"RPA,업무자동화"
한국토지주택공사,"RPA,업무자동화"
한국투자공사,"RPA,업무자동화"
한국특허전략개발원,"RPA,업무자동화"
한국특허정보원,"RPA,업무자동화"
한국표준과학연구원,"RPA,업무자동화"
한국학중앙연구원,"RPA,업무자동화"
한국한의약진흥원,"RPA,업무자동화"
한국한의학연구원,"RPA,업무자동화"
한국항공우주연구원,"RPA,업무자동화"
한국항로표지기술원,"RPA,업무자동화"
한국해양과학기술원,"RPA,업무자동화"
한국해양교통안전공단,"RPA,업무자동화"
한국해양수산개발원,"RPA,업무자동화"
한국해양수산연수원,"RPA,업무자동화"
한국해양조사협회,"RPA,업무자동화"
한국해양진흥공사,"RPA,업무자동화"
한국해외인프라도시개발지원공사,"RPA,업무자동화"
한국행정연구원,"RPA,업무자동화"
한국형사정책연구원,"RPA,업무자동화"
한국화학연구원,"RPA,업무자동화"
한국환경공단,"RPA,업무자동화"
한국환경산업기술원,"RPA,업무자동화"
한국환경정책평가연구원,"RPA,업무자동화"
한전KDN,"RPA,업무자동화"
한전KPS,"RPA,업무자동화"
한전원자력연료주식회사,"RPA,업무자동화"
항공안전기술원,"RPA,업무자동화"
해양수산과학기술진흥원,"RPA,업무자동화"
해양환경공단,"RPA,업무자동화"
환경보전협회,"RPA,업무자동화"
공란,"RPA,업무자동화"
제주은행,"RPA,업무자동화"
전북은행,"RPA,업무자동화"
카카오뱅크,"RPA,업무자동화"
케이뱅크,"RPA,업무자동화"
DB생명,"RPA,업무자동화"
DGB생명,"RPA,업무자동화"
KB생명,"RPA,업무자동화"
교보라이프,"RPA,업무자동화"
교보생명,"RPA,업무자동화"
농협생명,"RPA,업무자동화"
동양생명,"RPA,업무자동화"
라이나생명,"RPA,업무자동화"
메트라이프,"RPA,업무자동화"
미래에셋생명,"RPA,업무자동화"
카디프생명,"RPA,업무자동화"
삼성생명,"RPA,업무자동화"
신한생명,"RPA,업무자동화"
IBK연금보험,"RPA,업무자동화"
ABL생명,"RPA,업무자동화"
AIA생명,"RPA,업무자동화"
오렌지라이프,"RPA,업무자동화"
처브라이프,"RPA,업무자동화"
KDB생명,"RPA,업무자동화"
푸르덴셜생명,"RPA,업무자동화"
푸본현대생명,"RPA,업무자동화"
하나생명,"RPA,업무자동화"
한화생명,"RPA,업무자동화"
흥국생명,"RPA,업무자동화"
DB손보,"RPA,업무자동화"
농협손보,"RPA,업무자동화"
다스법률비용,"RPA,업무자동화"
동경해상,"RPA,업무자동화"
롯데손보,"RPA,업무자동화"
메리츠화재,"RPA,업무자동화"
뮌헨재보험,"RPA,업무자동화"
미쓰이스미토모,"RPA,업무자동화"
카디프손보,"RPA,업무자동화"
삼성화재,"RPA,업무자동화"
서울보증,"RPA,업무자동화"
스위스리재보험,"RPA,업무자동화"
스코리인슈어런스,"RPA,업무자동화"
아시아캐피탈리,"RPA,업무자동화"
악사손보,"RPA,업무자동화"
알리안츠글로벌,"RPA,업무자동화"
RGA재보험,"RPA,업무자동화"
에이스아메리칸,"RPA,업무자동화"
AIG손보,"RPA,업무자동화"
엠지손보,"RPA,업무자동화"
제너럴재보험,"RPA,업무자동화"
KB손보,"RPA,업무자동화"
캐롯손보,"RPA,업무자동화"
코리안리,"RPA,업무자동화"
퍼스트어메리칸,"RPA,업무자동화"
퍼시픽라이프리,"RPA,업무자동화"
하나손보,"RPA,업무자동화"
하노버재보험,"RPA,업무자동화"
한화손보,"RPA,업무자동화"
현대해상,"RPA,업무자동화"
흥국화재,"RPA,업무자동화"
유안타저축은행,"RPA,업무자동화"
삼보저축은행,"RPA,업무자동화"
부림저축은행,"RPA,업무자동화"
푸른저축은행,"RPA,업무자동화"
예가람저축은행,"RPA,업무자동화"
NH저축은행,"RPA,업무자동화"
삼호저축은행,"RPA,업무자동화"
TS저축은행,"RPA,업무자동화"
KB저축은행,"RPA,업무자동화"
남양저축은행,"RPA,업무자동화"
민국저축은행,"RPA,업무자동화"
한국투자저축은행,"RPA,업무자동화"
신한저축은행,"RPA,업무자동화"
유진저축은행,"RPA,업무자동화"
OK저축은행,"RPA,업무자동화"
스카이저축은행,"RPA,업무자동화"
DB저축은행,"RPA,업무자동화"
IBK저축은행,"RPA,업무자동화"
웰컴저축은행,"RPA,업무자동화"
하나저축은행,"RPA,업무자동화"
애큐온저축은행,"RPA,업무자동화"
키움YES저축은행,"RPA,업무자동화"
신안저축은행,"RPA,업무자동화"
BNK저축은행,"RPA,업무자동화"
대신저축은행,"RPA,업무자동화"
상상인저축은행,"RPA,업무자동화"
페퍼저축은행,"RPA,업무자동화"
엔에치저축은행,"RPA,업무자동화"
오에스비저축은행,"RPA,업무자동화"
제이티저축은행,"RPA,업무자동화"
JT친애저축은행,"RPA,업무자동화"
모아저축은행,"RPA,업무자동화"
SBI저축은행,"RPA,업무자동화"
부국증권,"RPA,업무자동화"
현대차투자증권,"RPA,업무자동화"
SK증권,"RPA,업무자동화"
케이티비투자증권,"RPA,업무자동화"
한양증권,"RPA,업무자동화"
한국에스지증권,"RPA,업무자동화"
비엔케이투자증권,"RPA,업무자동화"
씨티그룹글로벌마켓증권,"RPA,업무자동화"
코리아에셋투자증권,"RPA,업무자동화"
도이치증권,"RPA,업무자동화"
씨엘에스에에코리아증권,"RPA,업무자동화"
바로투자증권,"RPA,업무자동화"
리디우자증권,"RPA,업무자동화"
맥쿼리증권,"RPA,업무자동화"
골든브릿지투자증권,"RPA,업무자동화"
다이와증권,"RPA,업무자동화"
흥국증권,"RPA,업무자동화"
베엔피파리바증권,"RPA,업무자동화"
유화증권,"RPA,업무자동화"
토러스투자증권,"RPA,업무자동화"
한국스탠다드차타드증권,"RPA,업무자동화"
케이아이디비채권증개,"RPA,업무자동화"
㈜다우데이타,"RPA,업무자동화"
퍼스트데이터코리아(유),"RPA,업무자동화"
㈜제이티넷,"RPA,업무자동화"
㈜한국사이버결제,"RPA,업무자동화"
(사)금융결제원,"RPA,업무자동화"
한국정보통신㈜,"RPA,업무자동화"
케이아이에스정보통신㈜ ,"RPA,업무자동화"
한국신용카드결제㈜,"RPA,업무자동화"
코레일네트웍스㈜,"RPA,업무자동화"
㈜코밴,"RPA,업무자동화"
㈜한국스마트카드,"RPA,업무자동화"
㈜케이에스넷,"RPA,업무자동화"
나이스정보통신㈜,"RPA,업무자동화"
㈜스마트로,"RPA,업무자동화"
㈜에스피씨네트웍스,"RPA,업무자동화"
브이피㈜,"RPA,업무자동화"
㈜ 하렉스인포텍,"RPA,업무자동화"
㈜티비허브,"RPA,업무자동화"
㈜더존비즈온,"RPA,업무자동화"
(사)한국신용카드네트워크,"RPA,업무자동화"
㈜KG이니시스,"RPA,업무자동화"
블루월넛㈜,"RPA,업무자동화"
롯데정보통신㈜,"RPA,업무자동화"
㈜농협하나로유통,"RPA,업무자동화"
㈜이비카드,"RPA,업무자동화"
㈜에스에스지닷컴,"RPA,업무자동화"
토스페이먼츠㈜,"RPA,업무자동화"
서울디자인재단,"RPA,업무자동화"
건설공제조합,"RPA,업무자동화"
한국화재보험협회,"RPA,업무자동화"
국립환경과학원,"RPA,업무자동화"
한퓨어,"RPA,업무자동화"
JB금융지주,"RPA,업무자동화"
온누리아이코리아,"RPA,업무자동화"
DGB캐피탈,"RPA,업무자동화"
국가정보관리원,"RPA,업무자동화"
풍산홀딩스,"RPA,업무자동화"
통일부,"RPA,업무자동화"
에이스손해보험,"RPA,업무자동화"
리파인,"RPA,업무자동화"
구로구청,"RPA,업무자동화"
연구개발특구,"RPA,업무자동화"
국방부,"RPA,업무자동화"
KG이니시스,"RPA,업무자동화"
일본료비시스템,"RPA,업무자동화"
새마을금고중앙회,"RPA,업무자동화"
교보생명콜센터,"RPA,업무자동화"
IGS넷마블,"RPA,업무자동화"
한국기업데이타,"RPA,업무자동화"
SGI서울보증,"RPA,업무자동화"
교보자산신탁,"RPA,업무자동화"
신한아이타스,"RPA,업무자동화"
한국투자신탁운용,"RPA,업무자동화"
한화자산운용,"RPA,업무자동화"
ASE코리아,"RPA,업무자동화"
에드워드코리아,"RPA,업무자동화"
우진공업,"RPA,업무자동화"
태양금속공업,"RPA,업무자동화"
특허법인무한,"RPA,업무자동화"
퍼시스홀딩스,"RPA,업무자동화"
삼성웰스토리,"RPA,업무자동화"
해브앤비,"RPA,업무자동화"
포스코대우,"RPA,업무자동화"
서울교통공사,"RPA,업무자동화"
삼성바이오로직스,"RPA,업무자동화"
서울시청,"RPA,업무자동화"
삼성카드,"RPA,업무자동화"
대전과학기술대학,"RPA,업무자동화"
충남대학교병원,"RPA,업무자동화"
서울대학교,"RPA,업무자동화"
미래에셋자산운용,"RPA,업무자동화"
웰앤비젼,"RPA,업무자동화"
BBC,"RPA,업무자동화"
명지대,"RPA,업무자동화"
네이처리퍼블릭,"RPA,업무자동화"
충주상고,"RPA,업무자동화"
MG손해보험,"RPA,업무자동화"
다스코리아,"RPA,업무자동화"
한국세큐리트,"RPA,업무자동화"
APR,"RPA,업무자동화"
싸카,"RPA,업무자동화"
식약처,"RPA,업무자동화"
신성ENG,"RPA,업무자동화"
농촌진흥청,"RPA,업무자동화"
서한공업,"RPA,업무자동화"
 경성리츠,"RPA,업무자동화"
 선보공업,"RPA,업무자동화"
 연산메탈,"RPA,업무자동화"
예스자산대부,"RPA,업무자동화"
아프로파이낸셜대부,"RPA,업무자동화"
세인관세법인,"RPA,업무자동화"
소프트캠프,"RPA,업무자동화"
한국전력연구원,"RPA,업무자동화"
한국신용정보원,"RPA,업무자동화"
방위사업청,"RPA,업무자동화"
사이버로지텍,"RPA,업무자동화"
금융감독원,"RPA,업무자동화"
SK머티리얼즈,"RPA,업무자동화"
농협정보시스템,"RPA,업무자동화"
SK스토아,"RPA,업무자동화"
SK머티리얼즈,"RPA,업무자동화"
농협정보시스템,"RPA,업무자동화"
교보생명콜센터,"RPA,업무자동화"
SK스토아,"RPA,업무자동화"
아이티메이트,"RPA,업무자동화"
에스이씨연구소,"RPA,업무자동화"
고용정보원,"RPA,업무자동화"
태진인터네셔널,"RPA,업무자동화"
PS&Marketing,"RPA,업무자동화"
울산중구도시관리공단,"RPA,업무자동화"
경기콘텐츠진흥원,"RPA,업무자동화"
현대성우쏠라이트,"RPA,업무자동화"
씨에이에스,"RPA,업무자동화"
경남도청,"RPA,업무자동화"
㈜굿파트너스,"RPA,업무자동화"
디버스코리아,"RPA,업무자동화"
휴머스온,"RPA,업무자동화"
평화정공,"RPA,업무자동화"
애큐온저축은행,"RPA,업무자동화"
신용보증재단중앙회,"RPA,업무자동화"
시큐맵,"RPA,업무자동화"
한국농수산식품유통공사(나주),"RPA,업무자동화"
쉥커코리아,"RPA,업무자동화"
한국학술정보 사업전략실 ,"RPA,업무자동화"
자몽컴퍼니,"RPA,업무자동화"
아데카코리아,"RPA,업무자동화"
누리텔레콤,"RPA,업무자동화"
애터미,"RPA,업무자동화"
Tmoney,"RPA,업무자동화"
까페베네,"RPA,업무자동화"
큐빅허브 컨설팅,"RPA,업무자동화"
코어에스,"RPA,업무자동화"
이유니온라인,"RPA,업무자동화"
인프라웨어,"RPA,업무자동화"
현대엘리베이터,"RPA,업무자동화"
AK골프,"RPA,업무자동화"
sk브로드밴드,"RPA,업무자동화"
비츠로이엠,"RPA,업무자동화"
인터로죠,"RPA,업무자동화"
현대케피코,"RPA,업무자동화"
큐빅아이,"RPA,업무자동화"
아프로,"RPA,업무자동화"
인텔로워크,"RPA,업무자동화"
시스원,"RPA,업무자동화"
싸카,"RPA,업무자동화"
삼덕통상,"RPA,업무자동화"
유니드컴즈,"RPA,업무자동화"
울산과학기술원,"RPA,업무자동화"
리파인,"RPA,업무자동화"
행정안전부,"RPA,업무자동화"
쉬플리코리아,"RPA,업무자동화"
서울성모병원,"RPA,업무자동화"
엘젠아이씨티,"RPA,업무자동화"
인터넷진흥원,"RPA,업무자동화"
지어소프트,"RPA,업무자동화"
이코아,"RPA,업무자동화"
인터웹,"RPA,업무자동화"
제이에스티나,"RPA,업무자동화"
한국소프트웨어,"RPA,업무자동화"
정보라인,"RPA,업무자동화"
이엠솔루션,"RPA,업무자동화"
우경정보기술,"RPA,업무자동화"
에스앤아이코퍼레이션,"RPA,업무자동화"
동화앤텍,"RPA,업무자동화"
더 아미,"RPA,업무자동화"
정부부처,"RPA,업무자동화"
중앙정부,"RPA,업무자동화"
기획재정부,"RPA,업무자동화"
지자체,"RPA,업무자동화"
지방자치단체,"RPA,업무자동화"
구청,"RPA,업무자동화"
광역시,"RPA,업무자동화"
특별시,"RPA,업무자동화"
기획재정부,"RPA,업무자동화"
교육부,"RPA,업무자동화"
과학기술정보통신부,"RPA,업무자동화"
외교부,"RPA,업무자동화"
통일부,"RPA,업무자동화"
법무부,"RPA,업무자동화"
국방부,"RPA,업무자동화"
행정안전부,"RPA,업무자동화"
문화체육관광부,"RPA,업무자동화"
농림축산식품부,"RPA,업무자동화"
산업통상자원부,"RPA,업무자동화"
보건복지부,"RPA,업무자동화"
환경부,"RPA,업무자동화"
고용노동부,"RPA,업무자동화"
여성가족부,"RPA,업무자동화"
국토교육부,"RPA,업무자동화"
해양수산부,"RPA,업무자동화"
중소벤처기업부,"RPA,업무자동화"
